epoch;acc;loss;val_acc;val_loss
0;0.591877140410959;1.2052717241522384;0.8516666660990034;2.3458661079406737
